{
  "version": 1,
  "author": "Jacob Ortiz",
  "editor": "wokwi",
  "parts": [
    { "type": "wokwi-breadboard", "id": "bb1", "top": 400.92, "left": 206.18, "attrs": {} },
    { "type": "wokwi-arduino-uno", "id": "uno1", "top": 596.52, "left": -133.22, "attrs": {} },
    { "type": "wokwi-servo", "id": "servo1", "top": -106.88, "left": 539.38, "attrs": {} },
    { "type": "wokwi-vcc", "id": "vcc1", "top": 385.48, "left": 241.78, "attrs": {} },
    { "type": "wokwi-gnd", "id": "gnd1", "top": 423.12, "left": 241.18, "attrs": {} },
    {
      "type": "wokwi-analog-joystick",
      "id": "joystick1",
      "top": 115.32,
      "left": 16.78,
      "attrs": {}
    },
    { "type": "wokwi-servo", "id": "servo2", "top": 8.32, "left": 539.38, "attrs": {} },
    { "type": "wokwi-servo", "id": "servo3", "top": 123.52, "left": 529.78, "attrs": {} }
  ],
  "connections": [
    [ "joystick1:VCC", "bb1:tp.2", "red", [ "v0" ] ],
    [ "joystick1:GND", "bb1:tn.2", "black", [ "v0" ] ],
    [ "servo1:GND", "bb1:tn.4", "black", [ "h0" ] ],
    [ "servo1:V+", "bb1:tp.5", "green", [ "h0" ] ],
    [ "servo2:GND", "bb1:tn.6", "black", [ "h0" ] ],
    [ "servo2:V+", "bb1:tp.7", "green", [ "h0" ] ],
    [ "joystick1:SEL", "bb1:1t.a", "green", [ "v0" ] ],
    [ "joystick1:HORZ", "bb1:2t.b", "green", [ "v0" ] ],
    [ "joystick1:VERT", "bb1:3t.c", "green", [ "v0" ] ],
    [ "bb1:3t.e", "uno1:A0", "green", [ "v0" ] ],
    [ "bb1:2t.e", "uno1:A1", "green", [ "v0" ] ],
    [ "bb1:1t.e", "uno1:2", "green", [ "v0" ] ],
    [ "servo2:PWM", "bb1:30b.f", "green", [ "h0" ] ],
    [ "servo1:PWM", "bb1:29b.f", "green", [ "h0" ] ],
    [ "bb1:29b.j", "uno1:3", "green", [ "v0" ] ],
    [ "bb1:30b.j", "uno1:5", "green", [ "v0" ] ],
    [ "servo3:GND", "bb1:tn.8", "black", [ "h0" ] ],
    [ "servo3:V+", "bb1:tp.9", "green", [ "h0" ] ],
    [ "servo3:PWM", "bb1:31b.f", "green", [ "h0" ] ],
    [ "bb1:31b.j", "uno1:6", "green", [ "v0" ] ],
    [ "vcc1:VCC", "bb1:tp.1", "", [ "$bb" ] ],
    [ "gnd1:GND", "bb1:tn.1", "", [ "$bb" ] ]
  ],
  "dependencies": {}
}